{
  "tag": "faz3_k160_sl12",
  "timestamp": "2026-06-11 02:56:51",
  "kb": "aastp_test",
  "top_k": 5,
  "results": {
    "set1": {
      "hr1": 0.68,
      "hr3": 0.9733333333333334,
      "hr5": 0.98,
      "mrr": 0.8157777777777776,
      "n": 150,
      "match_mode": "chunk",
      "by_table": {
        "Table 4": {
          "hr1": 0.6,
          "hr3": 0.9,
          "hr5": 0.9,
          "mrr": 0.7277777777777779,
          "n": 30
        },
        "Table 5": {
          "hr1": 0.8666666666666667,
          "hr3": 1.0,
          "hr5": 1.0,
          "mrr": 0.9277777777777777,
          "n": 30
        },
        "Table 6": {
          "hr1": 0.5666666666666667,
          "hr3": 1.0,
          "hr5": 1.0,
          "mrr": 0.7722222222222223,
          "n": 30
        },
        "Table T.2": {
          "hr1": 0.8333333333333334,
          "hr3": 1.0,
          "hr5": 1.0,
          "mrr": 0.8999999999999999,
          "n": 30
        },
        "Table 133": {
          "hr1": 0.5333333333333333,
          "hr3": 0.9666666666666667,
          "hr5": 1.0,
          "mrr": 0.7511111111111112,
          "n": 30
        }
      }
    },
    "set2": {
      "hr1": 0.7866666666666666,
      "hr3": 0.96,
      "hr5": 0.98,
      "mrr": 0.8724444444444445,
      "n": 150,
      "match_mode": "chunk",
      "by_table": {
        "Table 6-1": {
          "hr1": 0.3,
          "hr3": 0.8333333333333334,
          "hr5": 0.9333333333333333,
          "mrr": 0.5622222222222223,
          "n": 30
        },
        "TABLE 6-2": {
          "hr1": 0.9,
          "hr3": 1.0,
          "hr5": 1.0,
          "mrr": 0.95,
          "n": 30
        },
        "Table_page192": {
          "hr1": 0.9666666666666667,
          "hr3": 1.0,
          "hr5": 1.0,
          "mrr": 0.9833333333333333,
          "n": 30
        },
        "Table_page147": {
          "hr1": 0.8666666666666667,
          "hr3": 1.0,
          "hr5": 1.0,
          "mrr": 0.9333333333333333,
          "n": 30
        },
        "Table_page25": {
          "hr1": 0.9,
          "hr3": 0.9666666666666667,
          "hr5": 0.9666666666666667,
          "mrr": 0.9333333333333333,
          "n": 30
        }
      }
    },
    "set3": {
      "hr1": 0.7,
      "hr3": 0.8933333333333333,
      "hr5": 0.9266666666666666,
      "mrr": 0.7973333333333333,
      "n": 150,
      "match_mode": "chunk",
      "by_table": {
        "Table_page70": {
          "hr1": 0.8333333333333334,
          "hr3": 0.9666666666666667,
          "hr5": 1.0,
          "mrr": 0.9027777777777779,
          "n": 30
        },
        "Table_page71": {
          "hr1": 0.43333333333333335,
          "hr3": 0.5333333333333333,
          "hr5": 0.6333333333333333,
          "mrr": 0.4994444444444444,
          "n": 30
        },
        "Table_page104": {
          "hr1": 0.9666666666666667,
          "hr3": 1.0,
          "hr5": 1.0,
          "mrr": 0.9833333333333333,
          "n": 30
        },
        "Table_page108": {
          "hr1": 0.7,
          "hr3": 1.0,
          "hr5": 1.0,
          "mrr": 0.8444444444444444,
          "n": 30
        },
        "Table_page133": {
          "hr1": 0.5666666666666667,
          "hr3": 0.9666666666666667,
          "hr5": 1.0,
          "mrr": 0.7566666666666666,
          "n": 30
        }
      }
    },
    "text_chunk": {
      "hr1": 0.36,
      "hr3": 0.605,
      "hr5": 0.65,
      "mrr": 0.4805,
      "n": 200,
      "match_mode": "chunk",
      "by_table": {
        "Compatibility_Mixing": {
          "hr1": 0.16,
          "hr3": 0.44,
          "hr5": 0.52,
          "mrr": 0.29133333333333333,
          "n": 25
        },
        "NEQ_Computation": {
          "hr1": 0.32,
          "hr3": 0.6,
          "hr5": 0.68,
          "mrr": 0.4646666666666667,
          "n": 25
        },
        "Inter_Magazine_Distance": {
          "hr1": 0.16,
          "hr3": 0.24,
          "hr5": 0.24,
          "mrr": 0.18666666666666668,
          "n": 25
        },
        "Barricade_Rules": {
          "hr1": 0.88,
          "hr3": 1.0,
          "hr5": 1.0,
          "mrr": 0.9266666666666665,
          "n": 25
        },
        "IBD_Personnel": {
          "hr1": 0.08,
          "hr3": 0.28,
          "hr5": 0.36,
          "mrr": 0.18466666666666665,
          "n": 25
        },
        "Traffic_Projection": {
          "hr1": 0.16,
          "hr3": 0.84,
          "hr5": 0.84,
          "mrr": 0.49333333333333335,
          "n": 25
        },
        "Underground_Storage": {
          "hr1": 0.68,
          "hr3": 0.84,
          "hr5": 0.92,
          "mrr": 0.7733333333333334,
          "n": 25
        },
        "Workshop_Construction": {
          "hr1": 0.44,
          "hr3": 0.6,
          "hr5": 0.64,
          "mrr": 0.5233333333333333,
          "n": 25
        }
      }
    },
    "text_page": {
      "hr1": 0.36,
      "hr3": 0.625,
      "hr5": 0.68,
      "mrr": 0.4913333333333334,
      "n": 200,
      "match_mode": "page",
      "by_table": {
        "Compatibility_Mixing": {
          "hr1": 0.16,
          "hr3": 0.52,
          "hr5": 0.6,
          "mrr": 0.318,
          "n": 25
        },
        "NEQ_Computation": {
          "hr1": 0.32,
          "hr3": 0.6,
          "hr5": 0.68,
          "mrr": 0.4646666666666667,
          "n": 25
        },
        "Inter_Magazine_Distance": {
          "hr1": 0.16,
          "hr3": 0.24,
          "hr5": 0.24,
          "mrr": 0.18666666666666668,
          "n": 25
        },
        "Barricade_Rules": {
          "hr1": 0.88,
          "hr3": 1.0,
          "hr5": 1.0,
          "mrr": 0.9266666666666665,
          "n": 25
        },
        "IBD_Personnel": {
          "hr1": 0.08,
          "hr3": 0.28,
          "hr5": 0.36,
          "mrr": 0.18466666666666665,
          "n": 25
        },
        "Traffic_Projection": {
          "hr1": 0.16,
          "hr3": 0.84,
          "hr5": 0.84,
          "mrr": 0.49333333333333335,
          "n": 25
        },
        "Underground_Storage": {
          "hr1": 0.68,
          "hr3": 0.84,
          "hr5": 0.92,
          "mrr": 0.7733333333333334,
          "n": 25
        },
        "Workshop_Construction": {
          "hr1": 0.44,
          "hr3": 0.68,
          "hr5": 0.8,
          "mrr": 0.5833333333333333,
          "n": 25
        }
      }
    }
  }
}