{
  "tag": "split_msmarco",
  "timestamp": "2026-06-11 14:06:33",
  "kb": "aastp_test",
  "top_k": 5,
  "results": {
    "set1": {
      "hr1": 0.8733333333333333,
      "hr3": 0.9866666666666667,
      "hr5": 1.0,
      "mrr": 0.9311111111111112,
      "n": 150,
      "match_mode": "chunk",
      "by_table": {
        "Table 4": {
          "hr1": 0.7666666666666667,
          "hr3": 0.9333333333333333,
          "hr5": 1.0,
          "mrr": 0.861111111111111,
          "n": 30
        },
        "Table 5": {
          "hr1": 0.9333333333333333,
          "hr3": 1.0,
          "hr5": 1.0,
          "mrr": 0.9666666666666667,
          "n": 30
        },
        "Table 6": {
          "hr1": 0.8666666666666667,
          "hr3": 1.0,
          "hr5": 1.0,
          "mrr": 0.9333333333333333,
          "n": 30
        },
        "Table T.2": {
          "hr1": 0.9,
          "hr3": 1.0,
          "hr5": 1.0,
          "mrr": 0.95,
          "n": 30
        },
        "Table 133": {
          "hr1": 0.9,
          "hr3": 1.0,
          "hr5": 1.0,
          "mrr": 0.9444444444444444,
          "n": 30
        }
      }
    },
    "set2": {
      "hr1": 0.9133333333333333,
      "hr3": 0.9866666666666667,
      "hr5": 0.9933333333333333,
      "mrr": 0.9516666666666667,
      "n": 150,
      "match_mode": "chunk",
      "by_table": {
        "Table 6-1": {
          "hr1": 0.6,
          "hr3": 0.9666666666666667,
          "hr5": 0.9666666666666667,
          "mrr": 0.7833333333333333,
          "n": 30
        },
        "TABLE 6-2": {
          "hr1": 1.0,
          "hr3": 1.0,
          "hr5": 1.0,
          "mrr": 1.0,
          "n": 30
        },
        "Table_page192": {
          "hr1": 1.0,
          "hr3": 1.0,
          "hr5": 1.0,
          "mrr": 1.0,
          "n": 30
        },
        "Table_page147": {
          "hr1": 1.0,
          "hr3": 1.0,
          "hr5": 1.0,
          "mrr": 1.0,
          "n": 30
        },
        "Table_page25": {
          "hr1": 0.9666666666666667,
          "hr3": 0.9666666666666667,
          "hr5": 1.0,
          "mrr": 0.975,
          "n": 30
        }
      }
    },
    "set3": {
      "hr1": 0.84,
      "hr3": 0.92,
      "hr5": 0.9466666666666667,
      "mrr": 0.8852222222222222,
      "n": 150,
      "match_mode": "chunk",
      "by_table": {
        "Table_page70": {
          "hr1": 0.9333333333333333,
          "hr3": 1.0,
          "hr5": 1.0,
          "mrr": 0.9666666666666667,
          "n": 30
        },
        "Table_page71": {
          "hr1": 0.5333333333333333,
          "hr3": 0.6,
          "hr5": 0.7333333333333333,
          "mrr": 0.5983333333333333,
          "n": 30
        },
        "Table_page104": {
          "hr1": 1.0,
          "hr3": 1.0,
          "hr5": 1.0,
          "mrr": 1.0,
          "n": 30
        },
        "Table_page108": {
          "hr1": 0.9666666666666667,
          "hr3": 1.0,
          "hr5": 1.0,
          "mrr": 0.9833333333333333,
          "n": 30
        },
        "Table_page133": {
          "hr1": 0.7666666666666667,
          "hr3": 1.0,
          "hr5": 1.0,
          "mrr": 0.8777777777777779,
          "n": 30
        }
      }
    },
    "text_chunk": {
      "hr1": 0.63,
      "hr3": 0.715,
      "hr5": 0.785,
      "mrr": 0.684,
      "n": 200,
      "match_mode": "chunk",
      "by_table": {
        "Compatibility_Mixing": {
          "hr1": 0.36,
          "hr3": 0.52,
          "hr5": 0.64,
          "mrr": 0.4613333333333333,
          "n": 25
        },
        "NEQ_Computation": {
          "hr1": 0.68,
          "hr3": 0.76,
          "hr5": 0.88,
          "mrr": 0.7433333333333334,
          "n": 25
        },
        "Inter_Magazine_Distance": {
          "hr1": 0.32,
          "hr3": 0.48,
          "hr5": 0.6,
          "mrr": 0.408,
          "n": 25
        },
        "Barricade_Rules": {
          "hr1": 0.92,
          "hr3": 1.0,
          "hr5": 1.0,
          "mrr": 0.96,
          "n": 25
        },
        "IBD_Personnel": {
          "hr1": 0.44,
          "hr3": 0.52,
          "hr5": 0.6,
          "mrr": 0.49133333333333334,
          "n": 25
        },
        "Traffic_Projection": {
          "hr1": 0.8,
          "hr3": 0.84,
          "hr5": 0.88,
          "mrr": 0.83,
          "n": 25
        },
        "Underground_Storage": {
          "hr1": 0.88,
          "hr3": 0.92,
          "hr5": 0.96,
          "mrr": 0.91,
          "n": 25
        },
        "Workshop_Construction": {
          "hr1": 0.64,
          "hr3": 0.68,
          "hr5": 0.72,
          "mrr": 0.6679999999999999,
          "n": 25
        }
      }
    },
    "text_page": {
      "hr1": 0.655,
      "hr3": 0.75,
      "hr5": 0.81,
      "mrr": 0.7111666666666667,
      "n": 200,
      "match_mode": "page",
      "by_table": {
        "Compatibility_Mixing": {
          "hr1": 0.44,
          "hr3": 0.6,
          "hr5": 0.64,
          "mrr": 0.5233333333333333,
          "n": 25
        },
        "NEQ_Computation": {
          "hr1": 0.68,
          "hr3": 0.76,
          "hr5": 0.88,
          "mrr": 0.7433333333333334,
          "n": 25
        },
        "Inter_Magazine_Distance": {
          "hr1": 0.32,
          "hr3": 0.52,
          "hr5": 0.68,
          "mrr": 0.43133333333333335,
          "n": 25
        },
        "Barricade_Rules": {
          "hr1": 0.92,
          "hr3": 1.0,
          "hr5": 1.0,
          "mrr": 0.96,
          "n": 25
        },
        "IBD_Personnel": {
          "hr1": 0.44,
          "hr3": 0.52,
          "hr5": 0.6,
          "mrr": 0.49133333333333334,
          "n": 25
        },
        "Traffic_Projection": {
          "hr1": 0.8,
          "hr3": 0.84,
          "hr5": 0.88,
          "mrr": 0.83,
          "n": 25
        },
        "Underground_Storage": {
          "hr1": 0.88,
          "hr3": 0.92,
          "hr5": 0.96,
          "mrr": 0.91,
          "n": 25
        },
        "Workshop_Construction": {
          "hr1": 0.76,
          "hr3": 0.84,
          "hr5": 0.84,
          "mrr": 0.8,
          "n": 25
        }
      }
    }
  }
}