{
  "tag": "fastF3_320fp16",
  "timestamp": "2026-06-12 00:39:09",
  "kb": "aastp_test",
  "top_k": 5,
  "results": {
    "set1": {
      "hr1": 0.92,
      "hr3": 0.9866666666666667,
      "hr5": 1.0,
      "mrr": 0.9552222222222222,
      "n": 150,
      "match_mode": "chunk",
      "by_table": {
        "Table 4": {
          "hr1": 0.8666666666666667,
          "hr3": 0.9666666666666667,
          "hr5": 1.0,
          "mrr": 0.9194444444444444,
          "n": 30
        },
        "Table 5": {
          "hr1": 1.0,
          "hr3": 1.0,
          "hr5": 1.0,
          "mrr": 1.0,
          "n": 30
        },
        "Table 6": {
          "hr1": 0.9,
          "hr3": 1.0,
          "hr5": 1.0,
          "mrr": 0.95,
          "n": 30
        },
        "Table T.2": {
          "hr1": 0.8666666666666667,
          "hr3": 0.9666666666666667,
          "hr5": 1.0,
          "mrr": 0.9233333333333333,
          "n": 30
        },
        "Table 133": {
          "hr1": 0.9666666666666667,
          "hr3": 1.0,
          "hr5": 1.0,
          "mrr": 0.9833333333333333,
          "n": 30
        }
      }
    },
    "set2": {
      "hr1": 0.9466666666666667,
      "hr3": 0.9866666666666667,
      "hr5": 0.9933333333333333,
      "mrr": 0.9650000000000002,
      "n": 150,
      "match_mode": "chunk",
      "by_table": {
        "Table 6-1": {
          "hr1": 0.9333333333333333,
          "hr3": 1.0,
          "hr5": 1.0,
          "mrr": 0.9611111111111111,
          "n": 30
        },
        "TABLE 6-2": {
          "hr1": 0.9666666666666667,
          "hr3": 0.9666666666666667,
          "hr5": 0.9666666666666667,
          "mrr": 0.9666666666666667,
          "n": 30
        },
        "Table_page192": {
          "hr1": 0.9,
          "hr3": 1.0,
          "hr5": 1.0,
          "mrr": 0.9444444444444445,
          "n": 30
        },
        "Table_page147": {
          "hr1": 1.0,
          "hr3": 1.0,
          "hr5": 1.0,
          "mrr": 1.0,
          "n": 30
        },
        "Table_page25": {
          "hr1": 0.9333333333333333,
          "hr3": 0.9666666666666667,
          "hr5": 1.0,
          "mrr": 0.9527777777777777,
          "n": 30
        }
      }
    },
    "set3": {
      "hr1": 0.7733333333333333,
      "hr3": 0.9066666666666666,
      "hr5": 0.9333333333333333,
      "mrr": 0.8407777777777778,
      "n": 150,
      "match_mode": "chunk",
      "by_table": {
        "Table_page70": {
          "hr1": 0.43333333333333335,
          "hr3": 0.9666666666666667,
          "hr5": 1.0,
          "mrr": 0.6899999999999998,
          "n": 30
        },
        "Table_page71": {
          "hr1": 0.4666666666666667,
          "hr3": 0.5666666666666667,
          "hr5": 0.6666666666666666,
          "mrr": 0.5361111111111112,
          "n": 30
        },
        "Table_page104": {
          "hr1": 0.9666666666666667,
          "hr3": 1.0,
          "hr5": 1.0,
          "mrr": 0.9777777777777777,
          "n": 30
        },
        "Table_page108": {
          "hr1": 1.0,
          "hr3": 1.0,
          "hr5": 1.0,
          "mrr": 1.0,
          "n": 30
        },
        "Table_page133": {
          "hr1": 1.0,
          "hr3": 1.0,
          "hr5": 1.0,
          "mrr": 1.0,
          "n": 30
        }
      }
    },
    "text_chunk": {
      "hr1": 0.68,
      "hr3": 0.795,
      "hr5": 0.865,
      "mrr": 0.7485,
      "n": 200,
      "match_mode": "chunk",
      "by_table": {
        "Compatibility_Mixing": {
          "hr1": 0.52,
          "hr3": 0.68,
          "hr5": 0.84,
          "mrr": 0.6293333333333334,
          "n": 25
        },
        "NEQ_Computation": {
          "hr1": 0.76,
          "hr3": 0.84,
          "hr5": 0.96,
          "mrr": 0.8233333333333333,
          "n": 25
        },
        "Inter_Magazine_Distance": {
          "hr1": 0.48,
          "hr3": 0.68,
          "hr5": 0.84,
          "mrr": 0.6026666666666666,
          "n": 25
        },
        "Barricade_Rules": {
          "hr1": 0.96,
          "hr3": 1.0,
          "hr5": 1.0,
          "mrr": 0.98,
          "n": 25
        },
        "IBD_Personnel": {
          "hr1": 0.32,
          "hr3": 0.4,
          "hr5": 0.48,
          "mrr": 0.36933333333333335,
          "n": 25
        },
        "Traffic_Projection": {
          "hr1": 0.68,
          "hr3": 0.8,
          "hr5": 0.84,
          "mrr": 0.75,
          "n": 25
        },
        "Underground_Storage": {
          "hr1": 0.92,
          "hr3": 1.0,
          "hr5": 1.0,
          "mrr": 0.96,
          "n": 25
        },
        "Workshop_Construction": {
          "hr1": 0.8,
          "hr3": 0.96,
          "hr5": 0.96,
          "mrr": 0.8733333333333333,
          "n": 25
        }
      }
    },
    "text_page": {
      "hr1": 0.685,
      "hr3": 0.8,
      "hr5": 0.87,
      "mrr": 0.7535000000000001,
      "n": 200,
      "match_mode": "page",
      "by_table": {
        "Compatibility_Mixing": {
          "hr1": 0.52,
          "hr3": 0.68,
          "hr5": 0.84,
          "mrr": 0.6293333333333334,
          "n": 25
        },
        "NEQ_Computation": {
          "hr1": 0.76,
          "hr3": 0.84,
          "hr5": 0.96,
          "mrr": 0.83,
          "n": 25
        },
        "Inter_Magazine_Distance": {
          "hr1": 0.48,
          "hr3": 0.72,
          "hr5": 0.88,
          "mrr": 0.616,
          "n": 25
        },
        "Barricade_Rules": {
          "hr1": 1.0,
          "hr3": 1.0,
          "hr5": 1.0,
          "mrr": 1.0,
          "n": 25
        },
        "IBD_Personnel": {
          "hr1": 0.32,
          "hr3": 0.4,
          "hr5": 0.48,
          "mrr": 0.36933333333333335,
          "n": 25
        },
        "Traffic_Projection": {
          "hr1": 0.68,
          "hr3": 0.8,
          "hr5": 0.84,
          "mrr": 0.75,
          "n": 25
        },
        "Underground_Storage": {
          "hr1": 0.92,
          "hr3": 1.0,
          "hr5": 1.0,
          "mrr": 0.96,
          "n": 25
        },
        "Workshop_Construction": {
          "hr1": 0.8,
          "hr3": 0.96,
          "hr5": 0.96,
          "mrr": 0.8733333333333333,
          "n": 25
        }
      }
    }
  }
}