{
  "tag": "faz7_generic_serializer",
  "timestamp": "2026-06-11 16:39:58",
  "kb": "aastp_test",
  "top_k": 5,
  "results": {
    "set1": {
      "hr1": 0.92,
      "hr3": 0.9933333333333333,
      "hr5": 0.9933333333333333,
      "mrr": 0.9566666666666667,
      "n": 150,
      "match_mode": "chunk",
      "by_table": {
        "Table 4": {
          "hr1": 0.9666666666666667,
          "hr3": 1.0,
          "hr5": 1.0,
          "mrr": 0.9833333333333333,
          "n": 30
        },
        "Table 5": {
          "hr1": 1.0,
          "hr3": 1.0,
          "hr5": 1.0,
          "mrr": 1.0,
          "n": 30
        },
        "Table 6": {
          "hr1": 0.7,
          "hr3": 1.0,
          "hr5": 1.0,
          "mrr": 0.85,
          "n": 30
        },
        "Table T.2": {
          "hr1": 0.9666666666666667,
          "hr3": 0.9666666666666667,
          "hr5": 0.9666666666666667,
          "mrr": 0.9666666666666667,
          "n": 30
        },
        "Table 133": {
          "hr1": 0.9666666666666667,
          "hr3": 1.0,
          "hr5": 1.0,
          "mrr": 0.9833333333333333,
          "n": 30
        }
      }
    },
    "set2": {
      "hr1": 0.94,
      "hr3": 0.9933333333333333,
      "hr5": 1.0,
      "mrr": 0.9661111111111113,
      "n": 150,
      "match_mode": "chunk",
      "by_table": {
        "Table 6-1": {
          "hr1": 0.9333333333333333,
          "hr3": 1.0,
          "hr5": 1.0,
          "mrr": 0.9611111111111111,
          "n": 30
        },
        "TABLE 6-2": {
          "hr1": 1.0,
          "hr3": 1.0,
          "hr5": 1.0,
          "mrr": 1.0,
          "n": 30
        },
        "Table_page192": {
          "hr1": 0.7666666666666667,
          "hr3": 0.9666666666666667,
          "hr5": 1.0,
          "mrr": 0.8694444444444446,
          "n": 30
        },
        "Table_page147": {
          "hr1": 1.0,
          "hr3": 1.0,
          "hr5": 1.0,
          "mrr": 1.0,
          "n": 30
        },
        "Table_page25": {
          "hr1": 1.0,
          "hr3": 1.0,
          "hr5": 1.0,
          "mrr": 1.0,
          "n": 30
        }
      }
    },
    "set3": {
      "hr1": 0.8666666666666667,
      "hr3": 0.98,
      "hr5": 1.0,
      "mrr": 0.9194444444444444,
      "n": 150,
      "match_mode": "chunk",
      "by_table": {
        "Table_page70": {
          "hr1": 0.5333333333333333,
          "hr3": 1.0,
          "hr5": 1.0,
          "mrr": 0.7333333333333333,
          "n": 30
        },
        "Table_page71": {
          "hr1": 0.9,
          "hr3": 0.9666666666666667,
          "hr5": 1.0,
          "mrr": 0.9305555555555555,
          "n": 30
        },
        "Table_page104": {
          "hr1": 0.9333333333333333,
          "hr3": 0.9666666666666667,
          "hr5": 1.0,
          "mrr": 0.9583333333333334,
          "n": 30
        },
        "Table_page108": {
          "hr1": 0.9666666666666667,
          "hr3": 0.9666666666666667,
          "hr5": 1.0,
          "mrr": 0.975,
          "n": 30
        },
        "Table_page133": {
          "hr1": 1.0,
          "hr3": 1.0,
          "hr5": 1.0,
          "mrr": 1.0,
          "n": 30
        }
      }
    },
    "text_chunk": {
      "hr1": 0.685,
      "hr3": 0.845,
      "hr5": 0.88,
      "mrr": 0.76575,
      "n": 200,
      "match_mode": "chunk",
      "by_table": {
        "Compatibility_Mixing": {
          "hr1": 0.6,
          "hr3": 0.92,
          "hr5": 0.96,
          "mrr": 0.75,
          "n": 25
        },
        "NEQ_Computation": {
          "hr1": 0.56,
          "hr3": 0.72,
          "hr5": 0.8,
          "mrr": 0.6579999999999999,
          "n": 25
        },
        "Inter_Magazine_Distance": {
          "hr1": 0.36,
          "hr3": 0.6,
          "hr5": 0.68,
          "mrr": 0.48666666666666664,
          "n": 25
        },
        "Barricade_Rules": {
          "hr1": 0.88,
          "hr3": 1.0,
          "hr5": 1.0,
          "mrr": 0.94,
          "n": 25
        },
        "IBD_Personnel": {
          "hr1": 0.68,
          "hr3": 0.76,
          "hr5": 0.8,
          "mrr": 0.7213333333333333,
          "n": 25
        },
        "Traffic_Projection": {
          "hr1": 0.72,
          "hr3": 0.84,
          "hr5": 0.88,
          "mrr": 0.7833333333333333,
          "n": 25
        },
        "Underground_Storage": {
          "hr1": 0.92,
          "hr3": 1.0,
          "hr5": 1.0,
          "mrr": 0.9533333333333335,
          "n": 25
        },
        "Workshop_Construction": {
          "hr1": 0.76,
          "hr3": 0.92,
          "hr5": 0.92,
          "mrr": 0.8333333333333333,
          "n": 25
        }
      }
    },
    "text_page": {
      "hr1": 0.71,
      "hr3": 0.85,
      "hr5": 0.9,
      "mrr": 0.7845,
      "n": 200,
      "match_mode": "page",
      "by_table": {
        "Compatibility_Mixing": {
          "hr1": 0.6,
          "hr3": 0.92,
          "hr5": 0.96,
          "mrr": 0.75,
          "n": 25
        },
        "NEQ_Computation": {
          "hr1": 0.64,
          "hr3": 0.72,
          "hr5": 0.84,
          "mrr": 0.71,
          "n": 25
        },
        "Inter_Magazine_Distance": {
          "hr1": 0.36,
          "hr3": 0.64,
          "hr5": 0.76,
          "mrr": 0.508,
          "n": 25
        },
        "Barricade_Rules": {
          "hr1": 0.92,
          "hr3": 1.0,
          "hr5": 1.0,
          "mrr": 0.96,
          "n": 25
        },
        "IBD_Personnel": {
          "hr1": 0.68,
          "hr3": 0.76,
          "hr5": 0.8,
          "mrr": 0.7213333333333333,
          "n": 25
        },
        "Traffic_Projection": {
          "hr1": 0.72,
          "hr3": 0.84,
          "hr5": 0.88,
          "mrr": 0.7833333333333333,
          "n": 25
        },
        "Underground_Storage": {
          "hr1": 0.92,
          "hr3": 1.0,
          "hr5": 1.0,
          "mrr": 0.9533333333333335,
          "n": 25
        },
        "Workshop_Construction": {
          "hr1": 0.84,
          "hr3": 0.92,
          "hr5": 0.96,
          "mrr": 0.89,
          "n": 25
        }
      }
    }
  }
}