{
  "tag": "faz3_v3_twostage",
  "timestamp": "2026-06-11 03:24:23",
  "kb": "aastp_test",
  "top_k": 5,
  "results": {
    "set1": {
      "hr1": 0.8666666666666667,
      "hr3": 0.9866666666666667,
      "hr5": 0.9866666666666667,
      "mrr": 0.9244444444444446,
      "n": 150,
      "match_mode": "chunk",
      "by_table": {
        "Table 4": {
          "hr1": 0.7333333333333333,
          "hr3": 0.9333333333333333,
          "hr5": 0.9333333333333333,
          "mrr": 0.8277777777777777,
          "n": 30
        },
        "Table 5": {
          "hr1": 0.9333333333333333,
          "hr3": 1.0,
          "hr5": 1.0,
          "mrr": 0.9666666666666667,
          "n": 30
        },
        "Table 6": {
          "hr1": 0.8666666666666667,
          "hr3": 1.0,
          "hr5": 1.0,
          "mrr": 0.9333333333333333,
          "n": 30
        },
        "Table T.2": {
          "hr1": 0.9,
          "hr3": 1.0,
          "hr5": 1.0,
          "mrr": 0.95,
          "n": 30
        },
        "Table 133": {
          "hr1": 0.9,
          "hr3": 1.0,
          "hr5": 1.0,
          "mrr": 0.9444444444444444,
          "n": 30
        }
      }
    },
    "set2": {
      "hr1": 0.9133333333333333,
      "hr3": 0.9866666666666667,
      "hr5": 0.9866666666666667,
      "mrr": 0.95,
      "n": 150,
      "match_mode": "chunk",
      "by_table": {
        "Table 6-1": {
          "hr1": 0.6,
          "hr3": 0.9666666666666667,
          "hr5": 0.9666666666666667,
          "mrr": 0.7833333333333333,
          "n": 30
        },
        "TABLE 6-2": {
          "hr1": 1.0,
          "hr3": 1.0,
          "hr5": 1.0,
          "mrr": 1.0,
          "n": 30
        },
        "Table_page192": {
          "hr1": 1.0,
          "hr3": 1.0,
          "hr5": 1.0,
          "mrr": 1.0,
          "n": 30
        },
        "Table_page147": {
          "hr1": 1.0,
          "hr3": 1.0,
          "hr5": 1.0,
          "mrr": 1.0,
          "n": 30
        },
        "Table_page25": {
          "hr1": 0.9666666666666667,
          "hr3": 0.9666666666666667,
          "hr5": 0.9666666666666667,
          "mrr": 0.9666666666666667,
          "n": 30
        }
      }
    },
    "set3": {
      "hr1": 0.84,
      "hr3": 0.92,
      "hr5": 0.9466666666666667,
      "mrr": 0.8823333333333335,
      "n": 150,
      "match_mode": "chunk",
      "by_table": {
        "Table_page70": {
          "hr1": 0.9333333333333333,
          "hr3": 1.0,
          "hr5": 1.0,
          "mrr": 0.9611111111111111,
          "n": 30
        },
        "Table_page71": {
          "hr1": 0.5333333333333333,
          "hr3": 0.6,
          "hr5": 0.7333333333333333,
          "mrr": 0.5894444444444444,
          "n": 30
        },
        "Table_page104": {
          "hr1": 1.0,
          "hr3": 1.0,
          "hr5": 1.0,
          "mrr": 1.0,
          "n": 30
        },
        "Table_page108": {
          "hr1": 0.9666666666666667,
          "hr3": 1.0,
          "hr5": 1.0,
          "mrr": 0.9833333333333333,
          "n": 30
        },
        "Table_page133": {
          "hr1": 0.7666666666666667,
          "hr3": 1.0,
          "hr5": 1.0,
          "mrr": 0.8777777777777779,
          "n": 30
        }
      }
    },
    "text_chunk": {
      "hr1": 0.265,
      "hr3": 0.595,
      "hr5": 0.645,
      "mrr": 0.42450000000000004,
      "n": 200,
      "match_mode": "chunk",
      "by_table": {
        "Compatibility_Mixing": {
          "hr1": 0.12,
          "hr3": 0.36,
          "hr5": 0.44,
          "mrr": 0.24666666666666665,
          "n": 25
        },
        "NEQ_Computation": {
          "hr1": 0.12,
          "hr3": 0.68,
          "hr5": 0.68,
          "mrr": 0.37333333333333335,
          "n": 25
        },
        "Inter_Magazine_Distance": {
          "hr1": 0.08,
          "hr3": 0.32,
          "hr5": 0.32,
          "mrr": 0.17333333333333337,
          "n": 25
        },
        "Barricade_Rules": {
          "hr1": 0.88,
          "hr3": 1.0,
          "hr5": 1.0,
          "mrr": 0.9266666666666665,
          "n": 25
        },
        "IBD_Personnel": {
          "hr1": 0.12,
          "hr3": 0.36,
          "hr5": 0.4,
          "mrr": 0.2366666666666667,
          "n": 25
        },
        "Traffic_Projection": {
          "hr1": 0.04,
          "hr3": 0.68,
          "hr5": 0.76,
          "mrr": 0.36666666666666664,
          "n": 25
        },
        "Underground_Storage": {
          "hr1": 0.44,
          "hr3": 0.84,
          "hr5": 0.92,
          "mrr": 0.638,
          "n": 25
        },
        "Workshop_Construction": {
          "hr1": 0.32,
          "hr3": 0.52,
          "hr5": 0.64,
          "mrr": 0.4346666666666667,
          "n": 25
        }
      }
    },
    "text_page": {
      "hr1": 0.265,
      "hr3": 0.6,
      "hr5": 0.665,
      "mrr": 0.42991666666666667,
      "n": 200,
      "match_mode": "page",
      "by_table": {
        "Compatibility_Mixing": {
          "hr1": 0.12,
          "hr3": 0.4,
          "hr5": 0.52,
          "mrr": 0.26999999999999996,
          "n": 25
        },
        "NEQ_Computation": {
          "hr1": 0.12,
          "hr3": 0.68,
          "hr5": 0.68,
          "mrr": 0.37333333333333335,
          "n": 25
        },
        "Inter_Magazine_Distance": {
          "hr1": 0.08,
          "hr3": 0.32,
          "hr5": 0.32,
          "mrr": 0.17333333333333337,
          "n": 25
        },
        "Barricade_Rules": {
          "hr1": 0.88,
          "hr3": 1.0,
          "hr5": 1.0,
          "mrr": 0.9266666666666665,
          "n": 25
        },
        "IBD_Personnel": {
          "hr1": 0.12,
          "hr3": 0.36,
          "hr5": 0.4,
          "mrr": 0.2366666666666667,
          "n": 25
        },
        "Traffic_Projection": {
          "hr1": 0.04,
          "hr3": 0.68,
          "hr5": 0.76,
          "mrr": 0.36666666666666664,
          "n": 25
        },
        "Underground_Storage": {
          "hr1": 0.44,
          "hr3": 0.84,
          "hr5": 0.92,
          "mrr": 0.638,
          "n": 25
        },
        "Workshop_Construction": {
          "hr1": 0.32,
          "hr3": 0.52,
          "hr5": 0.72,
          "mrr": 0.45466666666666666,
          "n": 25
        }
      }
    }
  }
}